{
  "0":{
    "ID":"1002",
    "Name":"CONSON",
    "Timestamp":"10071218",
    "Intensity":5.0,
    "Latitude":14.3,
    "Longitude":126.5,
    "Time":-24,
    "Coriolis Parameter":0.0000179623,
    "Pressure":975.0,
    "Max Wind":65.0,
    "Wind at 10m":0.55,
    "Translational Velocity":0.0,
    "Distance From Manila":596.1634288349,
    "Rainfall":2.76
  },
  "1":{
    "ID":"1002",
    "Name":"CONSON",
    "Timestamp":"10071221",
    "Intensity":5.0,
    "Latitude":14.3,
    "Longitude":125.65,
    "Time":-21,
    "Coriolis Parameter":0.0000179623,
    "Pressure":975.0,
    "Max Wind":65.0,
    "Wind at 10m":1.0,
    "Translational Velocity":30.5632623741,
    "Distance From Manila":504.6474550511,
    "Rainfall":3.9
  },
  "2":{
    "ID":"1002",
    "Name":"CONSON",
    "Timestamp":"10071300",
    "Intensity":5.0,
    "Latitude":14.3,
    "Longitude":124.8,
    "Time":-18,
    "Coriolis Parameter":0.0000179623,
    "Pressure":975.0,
    "Max Wind":65.0,
    "Wind at 10m":1.32,
    "Translational Velocity":30.5632623741,
    "Distance From Manila":413.2085526994,
    "Rainfall":4.41
  },
  "3":{
    "ID":"1002",
    "Name":"CONSON",
    "Timestamp":"10071303",
    "Intensity":5.0,
    "Latitude":14.35,
    "Longitude":124.15,
    "Time":-15,
    "Coriolis Parameter":0.0000180238,
    "Pressure":975.0,
    "Max Wind":65.0,
    "Wind at 10m":1.37,
    "Translational Velocity":23.4397784583,
    "Distance From Manila":342.7981010043,
    "Rainfall":3.39
  },
  "4":{
    "ID":"1002",
    "Name":"CONSON",
    "Timestamp":"10071306",
    "Intensity":5.0,
    "Latitude":14.4,
    "Longitude":123.5,
    "Time":-12,
    "Coriolis Parameter":0.0000180852,
    "Pressure":975.0,
    "Max Wind":65.0,
    "Wind at 10m":1.5,
    "Translational Velocity":23.4345694334,
    "Distance From Manila":272.4187649447,
    "Rainfall":2.76
  },
  "5":{
    "ID":"1002",
    "Name":"CONSON",
    "Timestamp":"10071309",
    "Intensity":5.0,
    "Latitude":14.45,
    "Longitude":122.9,
    "Time":-9,
    "Coriolis Parameter":0.0000181467,
    "Pressure":975.0,
    "Max Wind":65.0,
    "Wind at 10m":1.53,
    "Translational Velocity":21.6387808928,
    "Distance From Manila":207.4419271133,
    "Rainfall":26.91
  },
  "6":{
    "ID":"1002",
    "Name":"CONSON",
    "Timestamp":"10071312",
    "Intensity":5.0,
    "Latitude":14.5,
    "Longitude":122.3,
    "Time":-6,
    "Coriolis Parameter":0.0000182081,
    "Pressure":975.0,
    "Max Wind":65.0,
    "Wind at 10m":0.85,
    "Translational Velocity":21.633942489,
    "Distance From Manila":142.4941157936,
    "Rainfall":60.6
  },
  "7":{
    "ID":"1002",
    "Name":"CONSON",
    "Timestamp":"10071315",
    "Intensity":4.0,
    "Latitude":14.4,
    "Longitude":121.6,
    "Time":-3,
    "Coriolis Parameter":0.0000180852,
    "Pressure":977.5,
    "Max Wind":62.5,
    "Wind at 10m":0.14,
    "Translational Velocity":25.4289806095,
    "Distance From Manila":70.3612418506,
    "Rainfall":49.89
  },
  "8":{
    "ID":"1002",
    "Name":"CONSON",
    "Timestamp":"10071318",
    "Intensity":4.0,
    "Latitude":14.3,
    "Longitude":120.9,
    "Time":0,
    "Coriolis Parameter":0.0000179623,
    "Pressure":980.0,
    "Max Wind":60.0,
    "Wind at 10m":1.45,
    "Translational Velocity":25.4400954531,
    "Distance From Manila":34.901910718,
    "Rainfall":31.62
  },
  "9":{
    "ID":"1002",
    "Name":"CONSON",
    "Timestamp":"10071321",
    "Intensity":4.0,
    "Latitude":14.5,
    "Longitude":120.25,
    "Time":3,
    "Coriolis Parameter":0.0000182081,
    "Pressure":982.5,
    "Max Wind":57.5,
    "Wind at 10m":2.39,
    "Translational Velocity":24.4948533662,
    "Distance From Manila":79.7545776403,
    "Rainfall":35.25
  },
  "10":{
    "ID":"1002",
    "Name":"CONSON",
    "Timestamp":"10071400",
    "Intensity":4.0,
    "Latitude":14.7,
    "Longitude":119.6,
    "Time":6,
    "Coriolis Parameter":0.0000184538,
    "Pressure":985.0,
    "Max Wind":55.0,
    "Wind at 10m":1.81,
    "Translational Velocity":24.4746358826,
    "Distance From Manila":149.2086308438,
    "Rainfall":41.91
  },
  "11":{
    "ID":"1002",
    "Name":"CONSON",
    "Timestamp":"10071403",
    "Intensity":4.0,
    "Latitude":15.0,
    "Longitude":118.95,
    "Time":9,
    "Coriolis Parameter":0.0000188219,
    "Pressure":987.5,
    "Max Wind":52.5,
    "Wind at 10m":1.13,
    "Translational Velocity":25.8053136788,
    "Distance From Manila":222.8856786156,
    "Rainfall":42.24
  },
  "12":{
    "ID":"1002",
    "Name":"CONSON",
    "Timestamp":"10071406",
    "Intensity":4.0,
    "Latitude":15.3,
    "Longitude":118.3,
    "Time":12,
    "Coriolis Parameter":0.0000191894,
    "Pressure":990.0,
    "Max Wind":50.0,
    "Wind at 10m":2.36,
    "Translational Velocity":25.7755628046,
    "Distance From Manila":298.1699255736,
    "Rainfall":29.79
  },
  "13":{
    "ID":"1002",
    "Name":"CONSON",
    "Timestamp":"10071409",
    "Intensity":3.0,
    "Latitude":15.65,
    "Longitude":118.0,
    "Time":15,
    "Coriolis Parameter":0.0000196175,
    "Pressure":991.0,
    "Max Wind":47.5,
    "Wind at 10m":3.94,
    "Translational Velocity":16.8084752012,
    "Distance From Manila":340.0849456231,
    "Rainfall":15.9
  },
  "14":{
    "ID":"1002",
    "Name":"CONSON",
    "Timestamp":"10071412",
    "Intensity":3.0,
    "Latitude":16.0,
    "Longitude":117.7,
    "Time":18,
    "Coriolis Parameter":0.0000200449,
    "Pressure":992.0,
    "Max Wind":45.0,
    "Wind at 10m":4.2,
    "Translational Velocity":16.7967630194,
    "Distance From Manila":383.8596654655,
    "Rainfall":6.66
  },
  "15":{
    "ID":"1002",
    "Name":"CONSON",
    "Timestamp":"10071415",
    "Intensity":3.0,
    "Latitude":16.05,
    "Longitude":116.9,
    "Time":21,
    "Coriolis Parameter":0.0000201059,
    "Pressure":992.0,
    "Max Wind":45.0,
    "Wind at 10m":3.83,
    "Translational Velocity":28.5879866795,
    "Distance From Manila":465.2563858661,
    "Rainfall":11.49
  },
  "16":{
    "ID":"1002",
    "Name":"CONSON",
    "Timestamp":"10071418",
    "Intensity":3.0,
    "Latitude":16.1,
    "Longitude":116.1,
    "Time":24,
    "Coriolis Parameter":0.0000201669,
    "Pressure":992.0,
    "Max Wind":45.0,
    "Wind at 10m":2.67,
    "Translational Velocity":28.580828862,
    "Distance From Manila":547.9181935948,
    "Rainfall":14.88
  },
  "17":{
    "ID":"1003",
    "Name":"CHANTHU",
    "Timestamp":"10071709",
    "Intensity":2.0,
    "Latitude":15.65,
    "Longitude":122.95,
    "Time":-24,
    "Coriolis Parameter":0.0000196175,
    "Pressure":1008.0,
    "Max Wind":0.0,
    "Wind at 10m":1.36,
    "Translational Velocity":0.0,
    "Distance From Manila":240.7529615414,
    "Rainfall":3.51
  },
  "18":{
    "ID":"1003",
    "Name":"CHANTHU",
    "Timestamp":"10071712",
    "Intensity":2.0,
    "Latitude":15.5,
    "Longitude":122.8,
    "Time":-21,
    "Coriolis Parameter":0.0000194341,
    "Pressure":1008.0,
    "Max Wind":0.0,
    "Wind at 10m":0.64,
    "Translational Velocity":7.717193626,
    "Distance From Manila":218.8745624505,
    "Rainfall":7.2
  },
  "19":{
    "ID":"1003",
    "Name":"CHANTHU",
    "Timestamp":"10071715",
    "Intensity":2.0,
    "Latitude":15.4,
    "Longitude":122.6,
    "Time":-18,
    "Coriolis Parameter":0.0000193118,
    "Pressure":1008.0,
    "Max Wind":0.0,
    "Wind at 10m":0.9,
    "Translational Velocity":8.0545012326,
    "Distance From Manila":194.7952208648,
    "Rainfall":7.05
  },
  "20":{
    "ID":"1003",
    "Name":"CHANTHU",
    "Timestamp":"10071718",
    "Intensity":2.0,
    "Latitude":15.3,
    "Longitude":122.4,
    "Time":-15,
    "Coriolis Parameter":0.0000191894,
    "Pressure":1008.0,
    "Max Wind":0.0,
    "Wind at 10m":1.39,
    "Translational Velocity":8.0575420562,
    "Distance From Manila":170.6972476025,
    "Rainfall":4.8
  },
  "21":{
    "ID":"1003",
    "Name":"CHANTHU",
    "Timestamp":"10071721",
    "Intensity":2.0,
    "Latitude":15.2,
    "Longitude":122.25,
    "Time":-12,