,ID,t,phi,f,P,mw,w10m,v,r,rf
59,2002,0,121.15,1.94E-05,1003,0,2.13,26.60963624,95.57198381,2.55
76,1409,0,121.15,1.77E-05,952.5,77.5,5.2,27.24369073,58.81026375,21.93
77,1409,3,120.4,1.78E-05,960,70,5.26,27.23192808,77.19744621,26.82
127,1724,0,120.9,1.77E-05,1004,0,4.41,24.27762926,56.64976819,44.79
128,1724,3,120.3,1.81E-05,1004,0,3.6,24.25215356,76.96753567,52.92
227,1003,-6,121.7,1.90E-05,1007,0,1.26,14.44563365,98.06764456,9.6
228,1003,-3,121.3,1.91E-05,1006,0,1.05,14.44227133,74.41094786,9.54
229,1003,0,120.6,1.89E-05,1006,0,0.62,25.68996244,64.30804836,7.83
381,2019,-3,121.6,1.76E-05,988,52.5,3.7,15.48570202,94.59507883,28.53
382,2019,0,121.3,1.80E-05,996,45,6.55,15.47583335,48.11154677,61.59
383,2019,3,120.4,1.81E-05,998,40,6.99,32.55746542,66.7387273,30.03
433,1626,0,120.55,1.74E-05,960,77.5,5.11,31.98924432,95.84606188,9.75
636,2001,-3,121.6,1.81E-05,993,47.5,4,19.83114659,68.76076721,7.59
637,2001,0,121.3,1.87E-05,994,45,5.35,19.81929678,47.39515683,11.4
670,1002,-3,121.6,1.81E-05,977.5,62.5,0.14,25.42898061,70.36124185,49.89
671,1002,0,120.9,1.80E-05,980,60,1.45,25.44009545,34.90191072,31.62
672,1002,3,120.25,1.82E-05,982.5,57.5,2.39,24.49485337,79.75457764,35.25
705,2022,0,121.3,1.89E-05,970,70,10.49,27.43590458,64.75949806,92.76
706,2022,3,120.45,1.90E-05,977.5,62.5,11.08,30.50045818,83.29872572,71.49
,,,,,,,,,,
,,,,,,,,,,
,,,,,,,,,,
,,,,,,,,,,
,,,,,,,,,,
,,,,,,,,,,
,,,,,,,,,,
,,,,,,,,,,
,,,,,,,,,,
,,,,,,,,,,
,,,,,,,,,,
,,,,,,,,,,
,,,,,,,,,,
,,,,,,,,,,
,,,,,,,,,,
,,,,,,,,,,
,,,,,,,,,,
,,,,,,,,,,
,,,,,,,,,,
,,,,,,,,,,
,,,,,,,,,,
,,,,,,,,,,
,,,,,,,,,,
,,,,,,,,,,
,,,,,,,,,,
,,,,,,,,,,
,,,,,,,,,,
,,,,,,,,,,
,,,,,,,,,,
,,,,,,,,,,
,,,,,,,,,,
,,,,,,,,,,
,,,,,,,,,,
,,,,,,,,,,
,,,,,,,,,,
,,,,,,,,,,
,,,,,,,,,,
,,,,,,,,,,
,,,,,,,,,,
,,,,,,,,,,
,,,,,,,,,,
,,,,,,,,,,
,,,,,,,,,,
,,,,,,,,,,
,,,,,,,,,,
,,,,,,,,,,
,,,,,,,,,,
,,,,,,,,,,
,,,,,,,,,,
,,,,,,,,,,
,,,,,,,,,,
,,,,,,,,,,
,,,,,,,,,,
,,,,,,,,,,
,,,,,,,,,,
,,,,,,,,,,
,,,,,,,,,,
,,,,,,,,,,
,,,,,,,,,,
,,,,,,,,,,
,,,,,,,,,,
,,,,,,,,,,
,,,,,,,,,,
,,,,,,,,,,
,,,,,,,,,,
,,,,,,,,,,
,,,,,,,,,,
,,,,,,,,,,
,,,,,,,,,,
,,,,,,,,,,
,,,,,,,,,,
,,,,,,,,,,
,,,,,,,,,,
,,,,,,,,,,
